USE transportation_service;

INSERT INTO KHACH_HANG
VALUES(1, '201665985','Uất Minh Kiệt', NULL);
INSERT INTO KHACH_HANG
VALUES(2, '201456985','Khánh Hạ', NULL);
INSERT INTO KHACH_HANG
VALUES(3, '201023685','Vân Đồng', NULL);
INSERT INTO KHACH_HANG
VALUES(4, '204509985','Hương Khả', NULL);
INSERT INTO KHACH_HANG
VALUES(5, '201248422','Gái Dương', NULL);
INSERT INTO KHACH_HANG
VALUES(6, '245903566','Kỳ Dương', NULL);
INSERT INTO KHACH_HANG
VALUES(7, '240597566','Lộc Cồ', NULL);
INSERT INTO KHACH_HANG
VALUES(8, '245992300','Tâm Công', NULL);
INSERT INTO KHACH_HANG
VALUES(9, '259740006','Khuê Diệu', NULL);
INSERT INTO KHACH_HANG
VALUES(10, '20111286','Hảo Hạ', NULL);

INSERT INTO NGUOI_NHAN
VALUES(6);
INSERT INTO NGUOI_NHAN
VALUES(7);
INSERT INTO NGUOI_NHAN
VALUES(8);
INSERT INTO NGUOI_NHAN
VALUES(9);
INSERT INTO NGUOI_NHAN
VALUES(10);


INSERT INTO NGUOI_GUI
VALUES(1);
INSERT INTO NGUOI_GUI
VALUES(2);
INSERT INTO NGUOI_GUI
VALUES(3);
INSERT INTO NGUOI_GUI
VALUES(4);
INSERT INTO NGUOI_GUI
VALUES(5);

INSERT INTO NHAN_VIEN
VALUES (1, '256984023', 'Nhân Hữu');
INSERT INTO NHAN_VIEN
VALUES (2, '246980326', 'Bình Lan');
INSERT INTO NHAN_VIEN
VALUES (3, '200014567', 'Tâm Vân');
INSERT INTO NHAN_VIEN
VALUES (4, '200402569', 'Giang Hoài');
INSERT INTO NHAN_VIEN
VALUES (5, '210568930', 'Nga Huỳnh');
INSERT INTO NHAN_VIEN
VALUES (6, '238832640', 'Khang Võ');
INSERT INTO NHAN_VIEN
VALUES (7, '249518962', 'Như Trang');
INSERT INTO NHAN_VIEN
VALUES (8, '219926931', 'Long Bùi ');
INSERT INTO NHAN_VIEN
VALUES (9, '248249590', 'Đạt Hoà');
INSERT INTO NHAN_VIEN
VALUES (10, '248000090', 'Toàn Đàm');
INSERT INTO NHAN_VIEN
VALUES (11, '291435478', 'Huy Đức');
INSERT INTO NHAN_VIEN
VALUES (12, '263517010', 'Việt Lưu');
INSERT INTO NHAN_VIEN
VALUES (13, '297614689', 'Thương San');
INSERT INTO NHAN_VIEN
VALUES (14, '287331372', 'Lam Hằng');
INSERT INTO NHAN_VIEN
VALUES (15, '215852404', 'Hạnh Công');
INSERT INTO NHAN_VIEN
VALUES (16, '204084777', 'Miên Phi');
INSERT INTO NHAN_VIEN
VALUES (17, '219004488', 'Trinh Thạch');
INSERT INTO NHAN_VIEN
VALUES (18, '219056488', 'Trinh Thạch');
INSERT INTO NHAN_VIEN
VALUES (19, '239390961', 'Chu Thịnh');
INSERT INTO NHAN_VIEN
VALUES (20, '232979011', 'Bình Quế');
INSERT INTO NHAN_VIEN
VALUES (21, '259008093', 'Đỗ Hiếu Phong');
INSERT INTO NHAN_VIEN
VALUES (22, '289820839', 'Đỗ Quang Hùng');
INSERT INTO NHAN_VIEN
VALUES (23, '256301926', 'Đỗ Quang Ninh');
INSERT INTO NHAN_VIEN
VALUES (24, '261851023', 'Trần Trà Giang');
INSERT INTO NHAN_VIEN
VALUES (25, '207556713', 'Phan Sỹ Hoàng');
INSERT INTO NHAN_VIEN
VALUES (26, '281929735', 'Kim Uy Vũ');
INSERT INTO NHAN_VIEN
VALUES (27, '239299245', 'Đặng Quốc Trung');
INSERT INTO NHAN_VIEN
VALUES (28, '215054042', 'Kiều Quốc Thịnh');
INSERT INTO NHAN_VIEN
VALUES (29, '287670917', 'Dương Thành Danh');
INSERT INTO NHAN_VIEN
VALUES (30, '269310336', 'Cao Quang Thịnh');
INSERT INTO NHAN_VIEN
VALUES (31, '268458437', 'Mạc Lâm Vũ');
INSERT INTO NHAN_VIEN
VALUES (32, '286647007', 'Thủy Vạn Thông');
INSERT INTO NHAN_VIEN
VALUES (33, '238557291', 'Lục Trí Hùng');
INSERT INTO NHAN_VIEN
VALUES (34, '285348062', 'Trần Ðức Toản');
INSERT INTO NHAN_VIEN
VALUES (35, '233305560', 'Lạc Kim Thịnh');
INSERT INTO NHAN_VIEN
VALUES (36, '243349133', 'Thạch Thuận Thành');
INSERT INTO NHAN_VIEN
VALUES (37, '258795650', 'Vương Ðại Dương');
INSERT INTO NHAN_VIEN
VALUES (38, '212046347', 'Dữu Quang Hữu');
INSERT INTO NHAN_VIEN
VALUES (39, '207827265', 'Thân Cao Sỹ');
INSERT INTO NHAN_VIEN
VALUES (40, '261094040', 'Nghiêm Tiểu Bảo');


INSERT INTO NGUOI_QUAN_LY
VALUES (6);
INSERT INTO NGUOI_QUAN_LY
VALUES (7);
INSERT INTO NGUOI_QUAN_LY
VALUES (8);
INSERT INTO NGUOI_QUAN_LY
VALUES (9);
INSERT INTO NGUOI_QUAN_LY
VALUES (10);

INSERT INTO TINH
VALUES(296,'An Giang');
INSERT INTO TINH
VALUES( 205 ,'Lạng Sơn');
INSERT INTO TINH
VALUES( 291,'Bạc Liêu');
INSERT INTO TINH
VALUES( 261,'Đắk Nông');
INSERT INTO TINH
VALUES( 24,'Hà Nội');

INSERT INTO KHO
VALUES(1,'166 Phố Nguyễn Võ Uyên, Phường Huyền, Quận 1', 'An Giang', 500, 6,296);
INSERT INTO KHO
VALUES(2,'08 Phố Chung Nhân Khoa, Phường 03, Quận Sang Hiếu', 'Lạng Sơn', 600, 7,205);
INSERT INTO KHO
VALUES(3,'Ấp Lò Thúy, Quận Thùy Thời', 'Bạc Liêu', 500, 8,291);
INSERT INTO KHO
VALUES(4,'369 Phố Hàn Nam Đoan, Ấp Hoàn Thắng, Quận Tăng Vi', 'Đắk Nông', 400, 9,261);
INSERT INTO KHO
VALUES(5,'5 Phố Mạch Hằng Tuấn, Xã 3, Quận Đậu Trác Minh', 'Hà Nội', 300, 10,24);

INSERT INTO XE_NOI_THANH
VALUES(1,'8CPF472', 100);
INSERT INTO XE_NOI_THANH
VALUES(2,'CLK5162',100);
INSERT INTO XE_NOI_THANH
VALUES(3,'33285C',100);
INSERT INTO XE_NOI_THANH
VALUES(4,'4TKN697',100);
INSERT INTO XE_NOI_THANH
VALUES(5,'CZNU70',100);

INSERT INTO TAI_XE_NOI_THANH
VALUES(11,'B');
INSERT INTO TAI_XE_NOI_THANH
VALUES(12,'B');
INSERT INTO TAI_XE_NOI_THANH
VALUES(13,'B');
INSERT INTO TAI_XE_NOI_THANH
VALUES(14,'B');
INSERT INTO TAI_XE_NOI_THANH
VALUES(15,'B');

INSERT INTO LO_XE_NOI_THANH
VALUES(16);
INSERT INTO LO_XE_NOI_THANH
VALUES(17);
INSERT INTO LO_XE_NOI_THANH
VALUES(18);
INSERT INTO LO_XE_NOI_THANH
VALUES(19);
INSERT INTO LO_XE_NOI_THANH
VALUES(20);

INSERT INTO CUOC_XE_NOI_THANH
VALUES(1,1,1,11,16,5);
INSERT INTO CUOC_XE_NOI_THANH
VALUES(2,2,2,12,17,10);
INSERT INTO CUOC_XE_NOI_THANH
VALUES(3,3,3,13,18,3);
INSERT INTO CUOC_XE_NOI_THANH
VALUES(4,4,4,14,19,0);
INSERT INTO CUOC_XE_NOI_THANH
VALUES(5,5,5,15,20,0);

INSERT INTO BIEN_BAN_NHAN (BBNID, NGAY_NHAN, PHI_NOI_THANH, MA_CUOC_XE, MA_NGUOI_NHAN)
VALUES(3,'2022-11-03',0,NULL,6);
INSERT INTO BIEN_BAN_NHAN (BBNID, NGAY_NHAN, PHI_NOI_THANH, MA_CUOC_XE, MA_NGUOI_NHAN)
VALUES(1,'2022-10-03',0,NULL,7);
INSERT INTO BIEN_BAN_NHAN (BBNID, NGAY_NHAN, PHI_NOI_THANH, MA_CUOC_XE, MA_NGUOI_NHAN)
VALUES(2,'2022-10-27',0,NULL,8);
INSERT INTO BIEN_BAN_NHAN (BBNID, NGAY_NHAN, PHI_NOI_THANH, MA_CUOC_XE, MA_NGUOI_NHAN)
VALUES(5,'2022-11-14',20000,5,9);
INSERT INTO BIEN_BAN_NHAN (BBNID, NGAY_NHAN, PHI_NOI_THANH, MA_CUOC_XE, MA_NGUOI_NHAN)
VALUES(4,'2022-11-03',20000,4,10);

INSERT INTO BIEN_BAN_GUI (BBGID, NGAY_GUI, PHI_NOI_THANH, MA_CUOC_XE, MA_NGUOI_GUI)
VALUES (3, '2022-11-01', 20000, 2, 1);
INSERT INTO BIEN_BAN_GUI (BBGID, NGAY_GUI, PHI_NOI_THANH, MA_CUOC_XE, MA_NGUOI_GUI)
VALUES (1, '2022-10-01', 15000, 1, 2);
INSERT INTO BIEN_BAN_GUI (BBGID, NGAY_GUI, PHI_NOI_THANH, MA_CUOC_XE, MA_NGUOI_GUI)
VALUES (2, '2022-10-25', 0, null, 3);
INSERT INTO BIEN_BAN_GUI (BBGID, NGAY_GUI, PHI_NOI_THANH, MA_CUOC_XE, MA_NGUOI_GUI)
VALUES (5, '2022-11-12', 0, null, 4);
INSERT INTO BIEN_BAN_GUI (BBGID, NGAY_GUI, PHI_NOI_THANH, MA_CUOC_XE, MA_NGUOI_GUI)
VALUES (4, '2022-11-02', 24000, 3, 5);

INSERT INTO DIA_CHI_KHACH_HANG
VALUES('4597 Phố Lạc, Xã Tăng Nga Tuyền, Huyện 32, Lạng Sơn',1);
INSERT INTO DIA_CHI_KHACH_HANG
VALUES('06 Phố Viên Du Viên, Phường 2, Quận Đoàn Giang, An Giang',2);
INSERT INTO DIA_CHI_KHACH_HANG
VALUES('207, Thôn Khúc, Phường Cẩn, Huyện Phong, Hà Nội',3);
INSERT INTO DIA_CHI_KHACH_HANG
VALUES('206 Phố Phương, Phường Bằng Sỹ, Quận 89, Lạng Sơn',4);
INSERT INTO DIA_CHI_KHACH_HANG
VALUES('532, Thôn 3, Ấp Hồ Ẩn, Quận Đậu Phong Thêu, Bạc Liêu',5);
INSERT INTO DIA_CHI_KHACH_HANG
VALUES('08 Phố Mộc, Thôn Nhiên Ngạn, Quận 87, An Giang',6);
INSERT INTO DIA_CHI_KHACH_HANG
VALUES('41, Ấp Mạc, Xã Hạnh Đan, Huyện 54, Bạc Liêu',7);
INSERT INTO DIA_CHI_KHACH_HANG
VALUES('551 Phố Mi, Phường Thực, Quận Hồng Lều, Bạc Liêu',8);
INSERT INTO DIA_CHI_KHACH_HANG
VALUES('6746 Phố Việt, Xã Tấn, Huyện Chung Nghị, Hà Nội',9);
INSERT INTO DIA_CHI_KHACH_HANG
VALUES('30 Phố Bạch Đàn Võ, Xã 8, Quận Ca, Đắk Nông',10);

INSERT INTO KIEN_HANG
VALUES(1,'THONG THUONG',5,'06 Phố Viên Du Viên, Phường 2, Quận Đoàn Giang, An Giang','41, Ấp Mạc, Xã Hạnh Đan, Huyện 54, Bạc Liêu', 30000,7,2,1,1);
INSERT INTO KIEN_HANG
VALUES(2,'THONG THUONG',4.5,'207, Thôn Khúc, Phường Cẩn, Huyện Phong, Hà Nội','551 Phố Mi, Phường Thực, Quận Hồng Lều, Bạc Liêu', 50000,8,3,2,2);
INSERT INTO KIEN_HANG
VALUES(3,'DE VO',10,'4597 Phố Lạc, Xã Tăng Nga Tuyền, Huyện 32, Lạng Sơn','08 Phố Mộc, Thôn Nhiên Ngạn, Quận 87, An Giang', 50000,6,1,3,3);
INSERT INTO KIEN_HANG
VALUES(4,'DE VO',3,'532, Thôn 3, Ấp Hồ Ẩn, Quận Đậu Phong Thêu, Bạc Liêu','30 Phố Bạch Đàn Võ, Xã 8, Quận Ca, Đắk Nông', 50000,10,5,4,4);
INSERT INTO KIEN_HANG
VALUES(5,'THONG THUONG',6,'206 Phố Phương, Phường Bằng Sỹ, Quận 89, Lạng Sơn','6746 Phố Việt, Xã Tấn, Huyện Chung Nghị, Hà Nội', 50000,9,4,5,5);

INSERT INTO YEU_CAU
VALUES(1,1,'DA HOAN THANH',2);
INSERT INTO YEU_CAU
VALUES(2,1,'DA HOAN THANH',1);
INSERT INTO YEU_CAU
VALUES(5,1,'DA HOAN THANH',3);

INSERT INTO UOC_LUONG_HANG_HOA
VALUES(1,1,'DE VO',10,1);
INSERT INTO UOC_LUONG_HANG_HOA
VALUES(2,1,'THONG THUONG',5,1);
INSERT INTO UOC_LUONG_HANG_HOA
VALUES(5,1,'DE VO',3,1);

INSERT INTO NGUOI_DIEU_HANH
VALUES(21);
INSERT INTO NGUOI_DIEU_HANH
VALUES(22);
INSERT INTO NGUOI_DIEU_HANH
VALUES(23);
INSERT INTO NGUOI_DIEU_HANH
VALUES(24);
INSERT INTO NGUOI_DIEU_HANH
VALUES(25);

INSERT INTO CONTAINER
VALUES(1,'T740826C',10);
INSERT INTO CONTAINER
VALUES(2,'7DER608',10);
INSERT INTO CONTAINER
VALUES(3,'21563H',30);
INSERT INTO CONTAINER
VALUES(4,'8EHS819',30);
INSERT INTO CONTAINER
VALUES(5,'JEK3550',30);

INSERT INTO TAI_XE_LIEN_TINH
VALUES(26,'C');
INSERT INTO TAI_XE_LIEN_TINH
VALUES(27,'C');
INSERT INTO TAI_XE_LIEN_TINH
VALUES(28,'C');
INSERT INTO TAI_XE_LIEN_TINH
VALUES(29,'C');
INSERT INTO TAI_XE_LIEN_TINH
VALUES(30,'C');

INSERT INTO LO_XE_LIEN_TINH
VALUES(31);
INSERT INTO LO_XE_LIEN_TINH
VALUES(32);
INSERT INTO LO_XE_LIEN_TINH
VALUES(33);
INSERT INTO LO_XE_LIEN_TINH
VALUES(34);
INSERT INTO LO_XE_LIEN_TINH
VALUES(35);

INSERT INTO NHAN_VIEN_KHO
VALUES(36);
INSERT INTO NHAN_VIEN_KHO
VALUES(37);
INSERT INTO NHAN_VIEN_KHO
VALUES(38);
INSERT INTO NHAN_VIEN_KHO
VALUES(39);
INSERT INTO NHAN_VIEN_KHO
VALUES(40);

INSERT INTO CHUYEN_XE_LIEN_TINH(MA_CHUYEN, QUANG_DUONG, MA_XE, MA_TAI_XE, MA_LO_XE, 
	MA_KHO_DI, NGAY_XUAT_KHO, MA_NGUOI_XUAT, MA_KHO_DEN, NGAY_NHAP_KHO, MA_NGUOI_NHAP)
VALUES(1,200,1,26,31,1,'2022-10-01',36,3,'2022-10-03',37),
(2,300,2,27,32,5,'2022-10-25',38,3,'2022-10-27',37),
(3,250,3,28,33,2,'2022-11-01',39,1,'2022-11-03',36),
(4,200,4,29,34,3,'2022-11-02',37,4,'2022-11-03',40),
(5,270,5,30,35,2,'2022-11-12',39,5,'2022-11-14',38);


CALL INSERT_CHO(1,1);
CALL INSERT_CHO(2,2);
CALL INSERT_CHO(3,3);
CALL INSERT_CHO(4,4);
CALL INSERT_CHO(5,5);

INSERT INTO LAI
VALUES(26,1);
INSERT INTO LAI
VALUES(27,2);
INSERT INTO LAI
VALUES(28,3);
INSERT INTO LAI
VALUES(29,4);
INSERT INTO LAI
VALUES(30,5);

INSERT INTO GAN
VALUES(21,12,1,1);
INSERT INTO GAN
VALUES(22,11,2,1);
INSERT INTO GAN
VALUES(23,13,5,1);

INSERT INTO SDT_KHACH_HANG
VALUES('0762085603',1);
INSERT INTO SDT_KHACH_HANG
VALUES('0668255321',2);
INSERT INTO SDT_KHACH_HANG
VALUES('0351586669',3);
INSERT INTO SDT_KHACH_HANG
VALUES('0944967804',4);
INSERT INTO SDT_KHACH_HANG
VALUES('0651310571',5);
INSERT INTO SDT_KHACH_HANG
VALUES('0280526075',6);
INSERT INTO SDT_KHACH_HANG
VALUES('0994717500',7);
INSERT INTO SDT_KHACH_HANG
VALUES('0394859410',8);
INSERT INTO SDT_KHACH_HANG
VALUES('0370520084',9);
INSERT INTO SDT_KHACH_HANG
VALUES('0163508874',10);
